1	XOM	99	120	2008-10-29 14:04:37	Healthcare	alberto73	2	XOM	123	98	1994-07-03 08:57:49	Industrials	alberto73	3	XOM	4	19	2001-01-16 14:27:36	Industrials	alberto73	4	RDS	10	144	1998-06-08 12:18:06	Automotive	alexandra35	5	CVX	196	31	2005-05-17 15:59:34	Healthcare	anderson.elroy	6	CVX	168	169	1992-03-13 13:22:58	Healthcare	anderson.elroy	7	TOT	13	20	2015-08-01 13:00:47	CPG	andreane80	8	PTR	183	50	2012-04-11 10:47:55	Automotive	annamarie60	9	PTR	41	84	1994-05-15 11:07:57	Automotive	annamarie60	10	SLB	173	75	2016-04-12 09:33:35	CPG	ayla.hagenes	11	SLB	60	11	2011-02-23 09:22:03	CPG	ayla.hagenes	12	SLB	148	92	1990-12-07 13:09:50	CPG	ayla.hagenes	13	EPD	117	34	2011-06-22 11:10:37	Energy	beier.twila	14	EPD	50	63	2008-12-27 15:01:00	Energy	beier.twila	15	E	70	94	1994-10-15 09:45:26	Energy	benny.hegmann	16	E	83	123	1997-04-23 11:28:00	Energy	benny.hegmann	17	COP	145	133	2008-07-29 09:10:51	Healthcare	berge.katlyn	18	PBR	42	122	2007-05-16 13:17:39	Energy	bwaters	19	PBR	168	64	2012-04-07 15:59:10	Energy	bwaters	20	PBR	102	101	1991-02-25 13:19:58	Energy	bwaters	21	PBR	30	66	1997-04-03 14:12:20	Energy	bwaters	22	CEO	143	86	1997-10-15 12:52:08	Energy	caden03	23	SU	197	91	2017-11-27 12:26:02	Automotive	ceasar37	24	SU	1	138	2014-07-20 11:01:53	Automotive	ceasar37	25	OXY	18	40	1993-07-27 11:37:54	CPG	christop.barton	26	KMI	127	142	2017-08-27 12:16:52	Healthcare	colleen.mayer	27	KMI	181	111	2011-03-16 08:06:14	Healthcare	colleen.mayer	28	KMI	157	36	1991-05-21 12:49:35	Healthcare	colleen.mayer	29	PSX	71	68	2009-01-20 14:11:21	Energy	conrad52	30	PSX	92	127	1991-08-02 15:36:50	CPG	conrad52	31	JNJ	74	2	1995-01-11 12:10:05	Energy	dbechtelar	32	JNJ	96	132	1993-06-21 13:08:23	Energy	dbechtelar	33	JNJ	89	29	1994-09-22 11:02:53	Energy	dbechtelar	34	JNJ	2	51	1992-06-30 14:41:30	Energy	dbechtelar	35	JNJ	17	117	2001-09-07 11:51:38	Energy	dbechtelar	36	RHHBY	36	149	2006-07-14 13:24:58	Automotive	delia.hills	37	RHHBY	191	125	2007-03-09 15:08:59	Automotive	delia.hills	38	RHHBY	195	148	2001-08-08 11:24:33	Automotive	delia.hills	39	RHHBY	51	129	2011-01-28 09:13:41	Automotive	delia.hills	40	PFE	128	158	1992-05-27 08:20:06	CPG	dschamberger	41	PFE	79	111	2016-12-22 11:29:40	CPG	dschamberger	42	PFE	53	28	2007-11-15 11:50:52	CPG	dschamberger	43	PFE	45	63	2001-07-27 09:52:11	CPG	dschamberger	44	BAYN	159	14	1992-03-17 09:39:48	Automotive	elwin.kemmer	45	BAYN	85	171	2013-03-07 14:08:48	Automotive	elwin.kemmer	46	GSK	33	74	2006-08-10 15:39:39	CPG	elza.strosin	47	GSK	159	2	1999-12-26 13:27:55	CPG	elza.strosin	48	MRK	78	9	2016-02-28 12:03:28	Automotive	emery54	49	MRK	96	147	1998-04-06 15:14:18	Energy	emery54	50	MRK	26	110	2012-01-12 10:50:26	CPG	emery54	51	MRK	118	163	1998-04-26 10:48:16	Energy	emery54	52	SNY	116	118	2010-01-23 09:16:18	Energy	emilie.volkman	53	SNY	72	16	2016-02-26 12:29:39	Energy	emilie.volkman	54	ABBV	72	12	2000-12-11 08:25:16	Healthcare	emmerich.erna	55	ABBV	35	109	2015-05-16 08:27:59	Healthcare	emmerich.erna	56	ABT	42	126	2013-05-27 11:52:31	Energy	ernser.fanny	57	ABT	177	131	2011-10-18 12:50:44	Energy	ernser.fanny	58	LLY	167	98	1995-03-26 09:51:07	CPG	fadel.autumn	59	LLY	39	56	2016-08-29 13:30:12	CPG	fadel.autumn	60	LLY	61	139	2009-03-24 12:57:51	CPG	fadel.autumn	61	LLY	134	157	2014-05-01 10:04:24	CPG	fadel.autumn	62	AMGN	91	102	1992-09-21 11:26:54	Energy	fahey.sophie	63	BMY	131	140	2006-12-30 15:19:14	Automotive	farrell.webster	64	BMY	120	48	1997-01-25 14:10:22	Automotive	farrell.webster	65	BMY	40	38	2008-05-03 08:21:46	Automotive	farrell.webster	66	BMY	85	162	2002-09-29 15:52:52	Automotive	farrell.webster	67	AZN	83	7	2011-05-23 12:29:50	CPG	fatima.boyle	68	AZN	121	10	1991-05-11 15:00:24	CPG	fatima.boyle	69	GILD	142	178	2013-11-02 14:42:02	Healthcare	felipe.blick	70	GILD	193	18	2014-03-13 14:59:01	Healthcare	felipe.blick	71	GILD	149	61	1999-07-01 14:30:31	Healthcare	felipe.blick	72	TEVA	179	25	2000-10-31 10:16:17	Energy	fklocko	73	NVO	21	12	2002-02-13 13:15:31	Healthcare	gcronin	74	NVO	80	171	1992-11-06 11:49:26	Energy	gcronin	75	NVO	187	40	1993-11-22 08:32:58	Healthcare	gcronin	76	NVO	136	33	2014-07-09 11:14:41	Energy	gcronin	77	NVO	8	23	2005-08-16 13:40:57	Energy	gcronin	78	SHPG	17	99	2012-09-05 14:26:46	Energy	gregory.mcdermott	79	BIIB	141	8	2003-09-23 12:30:29	CPG	harvey.domenica	80	BIIB	60	35	2008-11-05 12:37:46	CPG	harvey.domenica	81	8031	186	34	2003-03-28 09:37:15	Energy	hassan59	82	8031	87	41	1995-10-15 09:16:01	Energy	hassan59	83	IBM	55	94	1995-08-26 11:37:56	Automotive	herzog.myriam	84	IBM	126	92	1992-07-17 08:58:19	Automotive	herzog.myriam	85	GM	94	12	2005-10-05 11:50:32	CPG	hhackett	86	VLKAY	153	89	2013-06-15 14:49:44	Energy	hirthe.ernest	87	VLKAY	148	14	2012-06-18 15:57:09	Energy	hirthe.ernest	88	GE	120	8	1997-05-04 14:55:36	CPG	itorp	89	GE	117	146	2001-12-06 12:39:36	CPG	itorp	90	F	66	38	2006-04-08 09:30:39	Automotive	jenifer.gutkowski	91	F	108	57	2007-12-11 14:12:01	Automotive	jenifer.gutkowski	92	HPQ	39	167	2017-04-17 13:46:54	Energy	jerde.gregory	93	HPQ	21	156	2017-01-24 12:38:03	Energy	jerde.gregory	94	6501	41	81	1998-07-25 13:37:10	Electronics	johnston.ciara	95	6501	84	1	2007-08-07 15:06:56	Energy	johnston.ciara	96	7201	10	4	2017-07-06 11:40:29	CPG	kariane.stokes	97	7201	105	24	1999-10-24 13:12:55	CPG	kariane.stokes	98	2354	5	148	2014-01-14 08:19:46	Automotive	kassulke.mathew	99	2354	29	123	2005-10-20 11:17:47	Automotive	kassulke.mathew	100	AAPL	189	162	2003-07-31 09:03:01	Automotive	kayla00	101	AAPL	196	49	2005-03-05 08:16:32	Automotive	kayla00	102	AAPL	70	125	2005-12-21 14:09:16	Automotive	kayla00	103	CAH	10	82	1992-12-06 10:32:06	Healthcare	labshire	104	CAH	133	131	2013-06-29 11:31:24	Healthcare	labshire	105	CAH	179	160	1999-01-11 12:53:06	Healthcare	labshire	106	CAH	193	134	2004-12-15 09:53:20	Healthcare	labshire	107	CAH	194	50	1992-04-30 13:53:48	Healthcare	labshire	108	CAH	131	94	2011-08-19 10:30:24	Healthcare	labshire	109	CAH	178	179	2008-12-21 09:56:23	Healthcare	labshire	110	BASF	158	148	1999-04-30 14:50:45	Automotive	lennie.bartell	111	BASF	79	13	1992-03-26 11:30:38	Automotive	lennie.bartell	112	BASF	127	1	2008-09-04 08:36:29	Automotive	lennie.bartell	113	PCRFY	144	88	1996-04-12 13:51:49	CPG	liliana86	114	PCRFY	1	44	2014-07-17 11:10:39	CPG	liliana86	115	PCRFY	182	29	2002-11-25 15:58:32	CPG	liliana86	116	PCRFY	51	58	1990-08-19 13:27:39	CPG	liliana86	117	BMW	162	147	2004-03-07 09:08:32	Energy	margarette.rutherfor	118	BMW	124	35	2015-12-29 10:46:22	Energy	margarette.rutherfor	119	BMW	16	60	2006-11-12 11:22:48	Energy	margarette.rutherfor	120	UG	145	82	2001-05-03 11:31:44	CPG	muller.jeffrey	121	UG	104	168	2001-05-15 11:01:00	CPG	muller.jeffrey	122	UG	16	102	2013-12-06 14:44:06	CPG	muller.jeffrey	123	UG	192	161	1993-04-26 14:10:28	CPG	muller.jeffrey	124	PG	145	165	2004-06-15 15:55:03	Automotive	myron.morissette	125	PG	139	17	2003-03-01 08:18:26	Automotive	myron.morissette	126	PG	65	34	2007-02-21 13:40:32	Automotive	myron.morissette	127	PG	121	160	2015-11-14 12:30:42	Automotive	myron.morissette	128	SNE	193	134	2015-05-10 15:31:31	Energy	norval78	129	SNE	113	35	1992-06-30 09:06:31	Energy	norval78	130	SNE	43	11	1992-01-10 10:13:30	Energy	norval78	131	TOSBF	19	15	1993-07-01 09:24:52	CPG	olaf58	132	TOSBF	34	131	2011-05-13 15:42:59	CPG	olaf58	133	TOSBF	71	42	1992-06-08 11:41:38	CPG	olaf58	134	TOSBF	36	107	1997-09-16 14:12:41	Electronics	olaf58	135	TOSBF	89	135	2006-02-23 11:56:40	Electronics	olaf58	136	BOSCHLTD	11	29	2000-05-23 13:35:45	Energy	pemmerich	137	BOSCHLTD	78	103	2015-10-15 13:50:50	Energy	pemmerich	138	BOSCHLTD	50	24	1996-03-23 08:15:00	Energy	pemmerich	139	MSBHY	168	29	1990-08-22 12:02:42	Electronics	pouros.jimmy	140	MSBHY	164	158	2014-12-19 11:13:21	Electronics	pouros.jimmy	141	MSBHY	29	162	1992-05-30 11:16:37	Electronics	pouros.jimmy	142	MSBHY	149	170	2016-06-07 11:36:25	CPG	pouros.jimmy	143	MSBHY	149	153	1994-02-02 09:46:45	CPG	pouros.jimmy	144	MSBHY	173	60	2012-12-18 14:42:49	CPG	pouros.jimmy	145	MSBHY	49	10	1998-04-01 10:41:21	CPG	pouros.jimmy	146	HYMTF	44	96	1993-11-17 12:31:58	Healthcare	psatterfield	147	HYMTF	127	171	2001-08-17 12:26:37	Healthcare	psatterfield	148	HYMTF	166	168	1998-07-20 09:56:32	Healthcare	psatterfield	149	BA	4	59	2002-03-15 09:58:44	CPG	quinten.bashirian	150	BA	145	147	2005-01-09 11:19:10	CPG	quinten.bashirian	151	BA	37	95	2014-06-04 15:55:51	CPG	quinten.bashirian	152	SAIC	151	170	1999-11-01 14:47:01	CPG	rickie48	153	SAIC	31	14	1996-10-29 10:25:31	CPG	rickie48	154	UN	169	25	1999-09-01 11:44:04	Electronics	schinner.magali	155	UN	25	62	2013-05-04 11:55:36	Electronics	schinner.magali	156	UN	30	5	2003-10-18 12:09:47	Electronics	schinner.magali	157	UN	167	95	1991-05-01 14:27:52	Energy	schinner.magali	158	DNFGF	86	163	2014-08-11 15:04:38	Energy	serdman	159	DNFGF	9	170	2003-09-06 13:00:53	Energy	serdman	160	AAPL	32	83	1996-01-18 12:45:33	Automotive	isaac.rippin	161	HPQ	48	54	1996-01-18 12:45:33	Automotive	isaac.rippin	162	KRW	42	88	1996-01-18 12:45:33	Automotive	isaac.rippin	163	SNE	80	90	1996-01-18 12:45:33	Automotive	isaac.rippin	164	SNE	12	90	1996-01-18 12:45:33	Automotive	isaac.rippin																																				